,subjectID,TrtGroup,sex,age,weight,height,insulin_modality,TIR,TAR,TBR,GlucoseVariability,n_seq_train,TIR_train,TAR_train,TBR_train,RMSE_AIPop_train,TIR_AIPop_train,TAR_AIPop_train,TBR_AIPop_train,RMSE_AIDT_train,TIR_AIDT_train,TAR_AIDT_train,TBR_AIDT_train,RMSE_ODEPop_train,TIR_ODEPop_train,TAR_ODEPop_train,TBR_ODEPop_train,RMSE_ODEDT_train,TIR_ODEDT_train,TAR_ODEDT_train,TBR_ODEDT_train,n_seq_test,TIR_test,TAR_test,TBR_test,RMSE_AIPop_test,TIR_AIPop_test,TAR_AIPop_test,TBR_AIPop_test,RMSE_AIDT_test,TIR_AIDT_test,TAR_AIDT_test,TBR_AIDT_test,RMSE_ODEPop_test,TIR_ODEPop_test,TAR_ODEPop_test,TBR_ODEPop_test,RMSE_ODEDT_test,TIR_ODEDT_test,TAR_ODEDT_test,TBR_ODEDT_test,bestODEDT,train_factorTAR,train_factorTBR,train_GlucoseVariability,train_epochs,insulin_requirements_basal_Units,insulin_requirements_bolus_Units
0,T1DEXI-01-0692,Resistance,M,37,172.0,182.88,Pump,96.65748622934402,1.214321482223335,2.1281922884326487,21.75959192569488,69,96.57004830917872,0.9420289855072462,2.4879227053140096,29.409337997436523,98.06763285024154,1.328502415458937,0.6038647342995169,18.213380813598636,99.87922705314011,0.0,0.1207729468599033,32.83581192556325,95.21739130434784,2.729468599033817,2.0531400966183577,26.91665506148088,87.77777777777779,0.0966183574879227,12.125603864734298,60,96.6068376068376,1.5555555555555556,1.8376068376068375,33.37287902832031,90.58333333333331,9.194444444444445,0.2222222222222222,19.415639877319336,98.41666666666666,1.1666666666666667,0.4166666666666667,34.96848811260403,87.02777777777779,11.88888888888889,1.0833333333333333,26.211279120360135,89.05555555555557,4.027777777777778,6.916666666666667,23,0.0090739879013494,0.0241973010702652,0.2155399355382919,151,13.048933333333334,6.626666666666666
