,subjectID,TrtGroup,sex,age,weight,height,insulin_modality,TIR,TAR,TBR,GlucoseVariability,n_seq_train,TIR_train,TAR_train,TBR_train,RMSE_AIPop_train,TIR_AIPop_train,TAR_AIPop_train,TBR_AIPop_train,RMSE_AIDT_train,TIR_AIDT_train,TAR_AIDT_train,TBR_AIDT_train,RMSE_ODEPop_train,TIR_ODEPop_train,TAR_ODEPop_train,TBR_ODEPop_train,RMSE_ODEDT_train,TIR_ODEDT_train,TAR_ODEDT_train,TBR_ODEDT_train,n_seq_test,TIR_test,TAR_test,TBR_test,RMSE_AIPop_test,TIR_AIPop_test,TAR_AIPop_test,TBR_AIPop_test,RMSE_AIDT_test,TIR_AIDT_test,TAR_AIDT_test,TBR_AIDT_test,RMSE_ODEPop_test,TIR_ODEPop_test,TAR_ODEPop_test,TBR_ODEPop_test,RMSE_ODEDT_test,TIR_ODEDT_test,TAR_ODEDT_test,TBR_ODEDT_test,bestODEDT,train_factorTAR,train_factorTBR,train_GlucoseVariability,train_epochs,insulin_requirements_basal_Units,insulin_requirements_bolus_Units
0,T1DEXI-01-1047,Aerobic,F,37,112.0,160.02,Closed Loop,95.83965604451188,3.51542741527567,0.644916540212443,22.47940812315693,68,96.00448654037886,3.627450980392157,0.3680624792289796,43.42077255249024,80.66176470588235,19.26470588235293,0.0735294117647058,19.175521850585938,98.23529411764706,1.7401960784313726,0.0245098039215686,52.66988839067372,77.25490196078432,21.544117647058822,1.2009803921568627,38.32264527783817,90.4656862745098,6.078431372549018,3.4558823529411766,58,95.57471264367815,3.477011494252874,0.948275862068966,47.622406005859375,84.62643678160919,14.68390804597701,0.6896551724137931,21.15861701965332,98.1609195402299,1.7816091954022986,0.057471264367816,52.91918049336415,77.72988505747126,18.218390804597696,4.051724137931035,36.855127951857185,87.09770114942529,4.942528735632183,7.959770114942528,23,0.0360993905297702,0.0035161744022503,0.2242872064239951,151,12.197133333333335,13.909933333333333
