subjectID,TIR,TAR,TBR,GlucoseVariability,n_seq_train,TIR_train,TAR_train,TBR_train,RMSE_AIPop_train,TIR_AIPop_train,TAR_AIPop_train,TBR_AIPop_train,RMSE_AIDT_train,TIR_AIDT_train,TAR_AIDT_train,TBR_AIDT_train,n_seq_test,TIR_test,TAR_test,TBR_test,RMSE_AIPop_test,TIR_AIPop_test,TAR_AIPop_test,TBR_AIPop_test,RMSE_AIDT_test,TIR_AIDT_test,TAR_AIDT_test,TBR_AIDT_test,train_epochs
DT_Example,74.28234368855682,20.500720933280903,5.216935378162275,36.48696228210796,67,68.60696517412936,24.378109452736314,7.014925373134327,68.89960479736328,82.48756218905473,10.845771144278606,6.666666666666667,53.34636688232422,76.91542288557214,17.960199004975124,5.124378109452737,54,81.85424252455039,15.546667157061067,2.599090318388564,62.283203125,86.51234567901236,7.314814814814816,6.1728395061728385,66.42192840576172,62.77777777777778,35.03086419753086,2.191358024691357,151
