,Unnamed: 0,subjectID,TrtGroup,sex,age,weight,height,insulin_modality,TIR,TAR,TBR,GlucoseVariability,n_seq_train,TIR_train,TAR_train,TBR_train,RMSE_AIPop_train,TIR_AIPop_train,TAR_AIPop_train,TBR_AIPop_train,RMSE_AIDT_train,TIR_AIDT_train,TAR_AIDT_train,TBR_AIDT_train,RMSE_ODEPop_train,TIR_ODEPop_train,TAR_ODEPop_train,TBR_ODEPop_train,RMSE_ODEDT_train,TIR_ODEDT_train,TAR_ODEDT_train,TBR_ODEDT_train,n_seq_test,TIR_test,TAR_test,TBR_test,RMSE_AIPop_test,TIR_AIPop_test,TAR_AIPop_test,TBR_AIPop_test,RMSE_AIDT_test,TIR_AIDT_test,TAR_AIDT_test,TBR_AIDT_test,RMSE_ODEPop_test,TIR_ODEPop_test,TAR_ODEPop_test,TBR_ODEPop_test,RMSE_ODEDT_test,TIR_ODEDT_test,TAR_ODEDT_test,TBR_ODEDT_test,bestODEDT,train_factorTAR,train_factorTBR,train_GlucoseVariability,train_epochs,insulin_requirements_basal_Units,insulin_requirements_bolus_Units
0,0,T1DEXI-01-0102,Aerobic,F,61,135.0,167.64,Closed Loop,94.752040175769,3.86691776522285,1.381042059008161,22.06420509072807,67,95.02985074626866,4.378109452736319,0.5920398009950248,39.343292236328125,82.93532338308457,17.06467661691542,0.0,20.08032989501953,98.93034825870647,1.0696517412935325,0.0,52.4126179116314,75.67164179104479,22.363184079601993,1.965174129353234,40.482511215546566,88.85572139303483,7.686567164179103,3.45771144278607,60,94.4722222222222,3.444444444444444,2.083333333333333,41.46097183227539,80.77777777777777,17.777777777777775,1.4444444444444446,23.576478958129883,99.47222222222224,0.4166666666666667,0.1111111111111111,57.41898899626429,72.91666666666666,24.61111111111111,2.4722222222222223,40.43763482826561,84.91666666666666,8.75,6.333333333333334,23,0.0431298609474428,0.0061277398067405,0.2100345046680168,151,13.621466666666667,11.498199999999999
