,subjectID,TrtGroup,sex,age,weight,height,insulin_modality,TIR,TAR,TBR,GlucoseVariability,n_seq_train,TIR_train,TAR_train,TBR_train,RMSE_AIPop_train,TIR_AIPop_train,TAR_AIPop_train,TBR_AIPop_train,RMSE_AIDT_train,TIR_AIDT_train,TAR_AIDT_train,TBR_AIDT_train,RMSE_ODEPop_train,TIR_ODEPop_train,TAR_ODEPop_train,TBR_ODEPop_train,RMSE_ODEDT_train,TIR_ODEDT_train,TAR_ODEDT_train,TBR_ODEDT_train,n_seq_test,TIR_test,TAR_test,TBR_test,RMSE_AIPop_test,TIR_AIPop_test,TAR_AIPop_test,TBR_AIPop_test,RMSE_AIDT_test,TIR_AIDT_test,TAR_AIDT_test,TBR_AIDT_test,RMSE_ODEPop_test,TIR_ODEPop_test,TAR_ODEPop_test,TBR_ODEPop_test,RMSE_ODEDT_test,TIR_ODEDT_test,TAR_ODEDT_test,TBR_ODEDT_test,bestODEDT,train_factorTAR,train_factorTBR,train_GlucoseVariability,train_epochs,insulin_requirements_basal_Units,insulin_requirements_bolus_Units
0,T1DEXI-01-0880,Resistance,M,66,178.0,185.42,Closed Loop,94.52481915689698,2.8061860813170365,2.668994761785981,24.673924680545017,69,93.59903381642512,3.381642512077295,3.019323671497584,55.48331832885742,70.74879227053141,28.06763285024155,1.183574879227053,25.69612693786621,98.98550724637684,0.144927536231884,0.8695652173913043,69.42321414092027,68.52657004830918,30.603864734299524,0.8695652173913043,44.230569027344536,72.3913043478261,3.5265700483091784,24.082125603864736,60,95.6388888888889,2.305555555555556,2.055555555555556,58.545188903808594,73.80555555555556,24.86111111111111,1.3333333333333333,24.019880294799805,98.47222222222224,0.0,1.527777777777778,69.63331238442746,72.19444444444444,26.88888888888889,0.9166666666666666,45.0385891629867,66.77777777777776,5.5,27.722222222222225,8,0.0330693991616208,0.0298090358639962,0.2560526068304683,151,11.491866666666665,14.5488
