subjectID,TrtGroup,sex,age,weight,height,insulin_modality,TIR,TAR,TBR,GlucoseVariability,n_seq_train,TIR_train,TAR_train,TBR_train,RMSE_AIPop_train,TIR_AIPop_train,TAR_AIPop_train,TBR_AIPop_train,RMSE_AIDT_train,TIR_AIDT_train,TAR_AIDT_train,TBR_AIDT_train,RMSE_ODEPop_train,TIR_ODEPop_train,TAR_ODEPop_train,TBR_ODEPop_train,RMSE_ODEDT_train,TIR_ODEDT_train,TAR_ODEDT_train,TBR_ODEDT_train,n_seq_test,TIR_test,TAR_test,TBR_test,RMSE_AIPop_test,TIR_AIPop_test,TAR_AIPop_test,TBR_AIPop_test,RMSE_AIDT_test,TIR_AIDT_test,TAR_AIDT_test,TBR_AIDT_test,RMSE_ODEPop_test,TIR_ODEPop_test,TAR_ODEPop_test,TBR_ODEPop_test,RMSE_ODEDT_test,TIR_ODEDT_test,TAR_ODEDT_test,TBR_ODEDT_test,bestODEDT,train_factorTAR,train_factorTBR,train_GlucoseVariability,train_epochs
T1DEXI-01-0794,Interval,F,27,137.0,167.64,Closed Loop,84.68839765205445,14.94941925814912,0.3621830897964281,24.372481144401053,68,79.5343137254902,20.02450980392157,0.4411764705882353,44.87260818481445,62.15686274509804,37.84313725490196,0.0,27.75558280944824,81.59313725490195,18.40686274509804,0.0,46.8698881998617,68.30882352941175,30.784313725490197,0.9068627450980393,41.55597137816511,82.32843137254902,16.29901960784314,1.3725490196078431,61,90.46448087431696,9.289617486338797,0.2459016393442622,36.10673522949219,79.97267759562843,19.945355191256837,0.081967213114754,25.989118576049805,91.74863387978142,8.251366120218577,0.0,41.65458721426155,85.98360655737706,13.934426229508192,0.08196721311475409,37.622801985037896,92.1584699453552,6.612021857923497,1.2295081967213115,58,0.198459024048564,0.0046696240952603,0.2552355956928837,151
